id,name,category,state,address,phone,website,listing_url,google_maps_url,verified_open_on
1772,"0 Zone Billiard Cafe","Pool Halls",California,"4887 Convoy St, San Diego, CA 92111","(858) 268-0688",,https://playpoolnation.com/listing/0-zone-billiard-cafe/,https://maps.google.com/?cid=8409228539672276498,2026-10-03
1732,"946 Billiards","Pool Halls",California,"946 W El Camino Real, Sunnyvale, CA 94087","(408) 542-9690",https://946billiards.com/,https://playpoolnation.com/listing/946-billiards/,https://maps.google.com/?cid=3609040986080907699,2026-10-03
1766,"Al's Billiards","Pool Halls",Minnesota,"1319 Larpenteur Ave W, Roseville, MN 55113","(651) 340-8845",,https://playpoolnation.com/listing/als-billiards/,https://maps.google.com/?cid=14133029839637077492,2026-10-03
1751,"Amazin Billiards","Pool Halls",Massachusetts,"58-R Pulaski St, Peabody, MA 01960","(248) 910-4466",http://amazinbilliards.com/,https://playpoolnation.com/listing/amazin-billiards/,https://maps.google.com/?cid=4572298517048916982,2026-10-03
1691,"Amsterdam Billiards","Pool Halls","New York","110 E 11th St, New York, NY 10003","(212) 995-0333",http://www.amsterdambilliards.com/,https://playpoolnation.com/listing/amsterdam-billiards/,https://maps.google.com/?cid=13847490608574300913,2026-10-03
1695,"Anytime Bar & Billiards","Pool Halls","New York","112 W 30th St, New York, NY 10001","(646) 666-0144",http://anytimebilliardsnyc.com/,https://playpoolnation.com/listing/anytime-bar-billiards/,https://maps.google.com/?cid=932205939192040574,2026-10-03
1777,"Atomic Billiards","Pool Halls","Washington, D.C.","3427 Connecticut Ave NW, Washington, DC 20008","(202) 363-7665",http://atomicbilliards.com/,https://playpoolnation.com/listing/atomic-billiards/,https://maps.google.com/?cid=14520275275815412482,2026-10-03
1747,"Bangin Ballz Billiards Bar","Pool Halls",Nevada,"9155 S Las Vegas Blvd, Las Vegas, NV 89123","(702) 449-5395",https://banginballzbilliards.com/,https://playpoolnation.com/listing/bangin-ballz-billiards-bar/,https://maps.google.com/?cid=9171510227458729882,2026-10-03
1779,"Bedrock Billiards","Pool Halls","Washington, D.C.","1841 Columbia Rd NW, Washington, DC 20009","(202) 667-7665",http://www.bedrockbilliards.com/,https://playpoolnation.com/listing/bedrock-billiards/,https://maps.google.com/?cid=13238135875528219888,2026-10-03
1722,"Betsy's Billiards","Pool Halls",Texas,"1901 W William Cannon Dr #147, Austin, TX 78745","(512) 660-5185",http://betsysbilliards.com/,https://playpoolnation.com/listing/betsys-billiards/,https://maps.google.com/?cid=8183301127514746010,2026-10-03
1757,"Beyond Billiards","Pool Halls",Florida,"5705 S University Dr, Davie, FL 33328","(954) 434-3487",http://beyondbilliardsfl.com/,https://playpoolnation.com/listing/beyond-billiards/,https://maps.google.com/?cid=2500177154860568964,2026-10-03
1781,"Big John's Billiards","Pool Halls",Nebraska,"9819 M St, Omaha, NE 68127","(402) 592-3545",http://bigjohnsbilliards.com/,https://playpoolnation.com/listing/big-johns-billiards/,https://maps.google.com/?cid=16966739839583902644,2026-10-03
1735,"Billiard Hoang","Pool Halls",Washington,"3220 S Hudson St, Seattle, WA 98118","(206) 723-2054",,https://playpoolnation.com/listing/billiard-hoang/,https://maps.google.com/?cid=13830895377369628583,2026-10-03
1729,"Billiard Palacade","Pool Halls",California,"5179 Mission St, San Francisco, CA 94112","(415) 685-7297",http://www.billiardpalacade.com/,https://playpoolnation.com/listing/billiard-palacade/,https://maps.google.com/?cid=13331737260268197081,2026-10-03
1708,"Bogie's Billiards East","Pool Halls",Texas,"3040 Farm to Market 1960 Rd E #101, Houston, TX 77073","(281) 869-4290",https://bogiesbilliard.com/,https://playpoolnation.com/listing/bogies-billiards-east/,https://maps.google.com/?cid=17039596813981297011,2026-10-03
1696,"Break Bar & Billiards","Pool Halls","New York","32-04 Broadway, Astoria, NY 11106","(718) 777-5400",http://break-ny.com/,https://playpoolnation.com/listing/break-bar-billiards/,https://maps.google.com/?cid=98855061926906566,2026-10-03
1697,"Brooklyn Billiards","Pool Halls","New York","90 N 11th St, Brooklyn, NY 11249","(718) 599-2603",http://www.bkbilliards.com/,https://playpoolnation.com/listing/brooklyn-billiards/,https://maps.google.com/?cid=14063038920824171388,2026-10-03
1710,"Buffalo Billiards","Pool Halls",Pennsylvania,"118 Chestnut St, Philadelphia, PA 19106","(215) 574-7665",https://www.buffalobilliardsphilly.com/,https://playpoolnation.com/listing/buffalo-billiards/,https://maps.google.com/?cid=9338250709219899803,2026-10-03
1712,"Bull Shooters","Pool Halls",Arizona,"3337 W Peoria Ave, Phoenix, AZ 85029","(602) 441-2546",http://bullshooters-az.com/,https://playpoolnation.com/listing/bull-shooters/,https://maps.google.com/?cid=4404492535741347801,2026-10-03
1693,"Cellar Dog","Bars with Pool Tables","New York","75 Christopher St, New York, NY 10014","(212) 675-6056",http://cellar.dog/,https://playpoolnation.com/listing/cellar-dog/,https://maps.google.com/?cid=2833138632967514298,2026-10-03
1713,"Chantilly's Bar","Bars with Pool Tables",Arizona,"717 W Union Hills Dr, Phoenix, AZ 85027","(602) 789-1417",https://www.facebook.com/chantillysbar/,https://playpoolnation.com/listing/chantillys-bar/,https://maps.google.com/?cid=5766532939939456499,2026-10-03
1703,"Chicago Billiard Cafe","Pool Halls",Illinois,"5935 W Irving Park Rd, Chicago, IL 60634","(773) 545-5102",https://www.thechicagobilliardcafe.com/,https://playpoolnation.com/listing/chicago-billiard-cafe/,https://maps.google.com/?cid=15624739647949204169,2026-10-03
1701,"Chris's Billiards","Pool Halls",Illinois,"4637 N Milwaukee Ave, Chicago, IL 60630","(773) 286-4714",,https://playpoolnation.com/listing/chriss-billiards/,https://maps.google.com/?cid=12586966103802023506,2026-10-03
1702,"City Pool Hall & Sports Bar","Pool Halls",Illinois,"640 W Hubbard St, Chicago, IL 60654","(312) 491-9690",http://www.citypoolhallchicago.com/,https://playpoolnation.com/listing/city-pool-hall-sports-bar/,https://maps.google.com/?cid=13871860849487537087,2026-10-03
1769,"Classic Billiards","Pool Halls",Oregon,"3636 SE 122nd Ave, Portland, OR 97236","(503) 761-2622",,https://playpoolnation.com/listing/classic-billiards/,https://maps.google.com/?cid=15369748806815845561,2026-10-03
1705,"Clicks Billiards","Pool Halls",Texas,"13380 Northwest Fwy, Houston, TX 77040","(713) 895-9992",https://www.clicks.com/houston-location,https://playpoolnation.com/listing/clicks-billiards/,https://maps.google.com/?cid=1161582786907028830,2026-10-03
1717,"Clicks Billiards Arlington","Pool Halls",Texas,"2800 Forestwood Dr #148, Arlington, TX 76006","(817) 649-7665",https://www.clicks.com/,https://playpoolnation.com/listing/clicks-billiards-arlington/,https://maps.google.com/?cid=1037199861970165571,2026-10-03
1776,"College Billiards","Pool Halls",California,"5303 El Cajon Blvd, San Diego, CA 92115","(619) 834-1766",http://collegebilliards.com/,https://playpoolnation.com/listing/college-billiards/,https://maps.google.com/?cid=658191038757568418,2026-10-03
1726,"Coppertank Pool Hall","Pool Halls",Texas,"504 Trinity St, Austin, TX 78701","(512) 913-5966",https://coppertankpoolhall.com/,https://playpoolnation.com/listing/coppertank-pool-hall/,https://maps.google.com/?cid=3537574985242397572,2026-10-03
1780,"Corner Pocket","Bars with Pool Tables",Nebraska,"4201 S 38th St, Omaha, NE 68107","(402) 505-7377",,https://playpoolnation.com/listing/corner-pocket/,https://maps.google.com/?cid=93646684660867352,2026-10-03
1755,"Doral Billiards & Sports Bar","Pool Halls",Florida,"7800 NW 25th St, Doral, FL 33122","(305) 592-8486",http://www.doralbilliards.com/,https://playpoolnation.com/listing/doral-billiards-sports-bar/,https://maps.google.com/?cid=15641616135066890941,2026-10-03
1727,"Family Billiards","Pool Halls",California,"2807 Geary Blvd, San Francisco, CA 94118","(415) 931-1115",http://www.familybilliards-sf.com/,https://playpoolnation.com/listing/family-billiards/,https://maps.google.com/?cid=18148057272821249124,2026-10-03
1709,"Fast Eddie's Billiards (Fuqua)","Pool Halls",Texas,"12344 Gulf Fwy Ste A&B, Houston, TX 77034","(281) 533-3058",https://eddiestavernsocialclub.com/fuqua/,https://playpoolnation.com/listing/fast-eddies-billiards-fuqua/,https://maps.google.com/?cid=13044766428003588950,2026-10-03
1730,"Fillmore Billiards","Pool Halls",California,"1528 Fillmore St, San Francisco, CA 94115","(415) 919-2591",,https://playpoolnation.com/listing/fillmore-billiards/,https://maps.google.com/?cid=9636877458342292816,2026-10-03
1750,"Flat Top Johnny's","Bars with Pool Tables",Massachusetts,"238 Main St, Cambridge, MA 02142","(617) 395-3110",https://www.flattopjohnnys.com/,https://playpoolnation.com/listing/flat-top-johnnys/,https://maps.google.com/?cid=5135730752026177633,2026-10-03
1704,"G-Cue Billiards","Pool Halls",Illinois,"157 N Morgan St, Chicago, IL 60607","(312) 850-3170",http://www.g-cuechicago.com/,https://playpoolnation.com/listing/g-cue-billiards/,https://maps.google.com/?cid=16048890858590858594,2026-10-03
1738,"Gerard's Pool Hall","Pool Halls",Colorado,"1305 26th St, Denver, CO 80205","(720) 638-2190",http://gerardspoolhall.com/,https://playpoolnation.com/listing/gerards-pool-hall/,https://maps.google.com/?cid=162222836498051428,2026-10-03
1749,"Good Timez Billiards","Pool Halls",Nevada,"5740 W Charleston Blvd, Las Vegas, NV 89146","(702) 431-0358",https://goodtimezbilliards.wixsite.com/goodtimezbilliardslv,https://playpoolnation.com/listing/good-timez-billiards/,https://maps.google.com/?cid=35457061589668180,2026-10-03
1699,"Green Room Billiards","Pool Halls",California,"3458 N San Fernando Rd, Los Angeles, CA 90065","(323) 344-7448",http://www.greenroombilliard.com/,https://playpoolnation.com/listing/green-room-billiards/,https://maps.google.com/?cid=2637495951460512434,2026-10-03
1746,"Griff's Bar & Billiards","Pool Halls",Nevada,"3650 S Decatur Blvd Ste 12, Las Vegas, NV 89103","(702) 222-1011",https://www.griffslv.com/,https://playpoolnation.com/listing/griffs-bar-billiards/,https://maps.google.com/?cid=1622905543078412076,2026-10-03
1759,"H-Cue's Upstairs Poolroom","Pool Halls",Tennessee,"1602 21st Ave S, Nashville, TN 37212","(615) 329-0690",http://h-cues.com/,https://playpoolnation.com/listing/h-cues-upstairs-poolroom/,https://maps.google.com/?cid=17098589639758516726,2026-10-03
1785,"Hall of Fame Billiards Bar & Grill","Pool Halls",Michigan,"5775 E 13 Mile Rd, Warren, MI 48092","(586) 264-2881",,https://playpoolnation.com/listing/hall-of-fame-billiards-bar-grill/,https://maps.google.com/?cid=17873910721745113009,2026-10-03
1770,"Hawthorne Hideaway","Bars with Pool Tables",Oregon,"2221 SE Hawthorne Blvd, Portland, OR 97214","(971) 420-2114",http://www.hh2221.com/,https://playpoolnation.com/listing/hawthorne-hideaway/,https://maps.google.com/?cid=14732617466365016728,2026-10-03
1716,"J.J. Dakota's Billiards","Pool Halls",Texas,"9112 Camp Bowie W Blvd #100, Fort Worth, TX 76116","(817) 244-9000",https://www.facebook.com/JJDakotas,https://playpoolnation.com/listing/j-j-dakotas-billiards/,https://maps.google.com/?cid=5246953997742699124,2026-10-03
1758,"J.O.B. Billiards Club","Pool Halls",Tennessee,"900 Gallatin Pike S, Madison, TN 37115","(615) 868-4270",,https://playpoolnation.com/listing/j-o-b-billiards-club/,https://maps.google.com/?cid=12322128226064783230,2026-10-03
1714,"Jester's Billiards","Pool Halls",Arizona,"1515 N Gilbert Rd, Gilbert, AZ 85234","(480) 926-1314",http://jestersbilliards.com/,https://playpoolnation.com/listing/jesters-billiards/,https://maps.google.com/?cid=10802745640125239469,2026-10-03
1763,"Jimmy's Pro Billiards","Pool Halls",Minnesota,"4040 Central Ave NE, Columbia Heights, MN 55421","(763) 706-1904",https://jimmys-pro-billiards.com/,https://playpoolnation.com/listing/jimmys-pro-billiards/,https://maps.google.com/?cid=6279369688563038208,2026-10-03
1753,"K&K Billiards Miami","Pool Halls",Florida,"1100 NE 79th St, Miami, FL 33138","(305) 530-8805",https://www.kkbilliardsmiamiorder.com/,https://playpoolnation.com/listing/kk-billiards-miami/,https://maps.google.com/?cid=10678189846150288246,2026-10-03
1752,"Kings Dining & Entertainment","Bars with Pool Tables",Massachusetts,"50 Dalton St, Boston, MA 02115","(617) 266-2695",https://www.playatkings.com/location/boston-back-bay/,https://playpoolnation.com/listing/kings-dining-entertainment/,https://maps.google.com/?cid=14941244039847528586,2026-10-03
1748,"Las Vegas Cue Club","Pool Halls",Nevada,"953 E Sahara Ave Suite 15A, Las Vegas, NV 89104","(702) 735-2884",https://lasvegascueclub.com/,https://playpoolnation.com/listing/las-vegas-cue-club/,https://maps.google.com/?cid=13533272767731159722,2026-10-03
1739,"Leo's Sports Bar & Billiards","Pool Halls",Colorado,"2525 Federal Blvd, Denver, CO 80211","(720) 532-4681",,https://playpoolnation.com/listing/leos-sports-bar-billiards/,https://maps.google.com/?cid=440792397151371344,2026-10-03
1783,"Madsen's Bowling & Billiards","Pool Halls",Nebraska,"4700 Dudley St, Lincoln, NE 68503","(402) 467-3249",http://www.madsenslincoln.com/,https://playpoolnation.com/listing/madsens-bowling-billiards/,https://maps.google.com/?cid=1641666281534333249,2026-10-03
1760,"Melrose Billiard Parlor","Pool Halls",Tennessee,"2600 8th Ave S #108, Nashville, TN 37204",,https://www.dirtymelrose.com/,https://playpoolnation.com/listing/melrose-billiard-parlor/,https://maps.google.com/?cid=5557239541332884197,2026-10-03
1731,"Momentum Billiards","Pool Halls",California,"3815 Telegraph Ave, Oakland, CA 94609","(510) 290-5606",,https://playpoolnation.com/listing/momentum-billiards/,https://maps.google.com/?cid=5549838883457423976,2026-10-03
1743,"Mr. Cue's II Billiards","Pool Halls",Georgia,"3541 Chamblee Tucker Rd, Atlanta, GA 30341","(770) 454-7665",https://mrcues2.com/,https://playpoolnation.com/listing/mr-cues-ii-billiards/,https://maps.google.com/?cid=3863566358494677488,2026-10-03
1756,"New Wave Billiards & Sports Bar","Pool Halls",Florida,"1403 SW 107th Ave, Miami, FL 33174","(305) 220-4790",http://www.newwavebilliards.com/,https://playpoolnation.com/listing/new-wave-billiards-sports-bar/,https://maps.google.com/?cid=77414321655182629,2026-10-03
1774,"On Cue Billiards","Pool Halls",California,"8308 Parkway Dr, La Mesa, CA 91942","(619) 463-8759",,https://playpoolnation.com/listing/on-cue-billiards/,https://maps.google.com/?cid=11368057948659488703,2026-10-03
1733,"Ox Billiards","Pool Halls",Washington,"1432 Broadway, Seattle, WA 98122","(206) 376-5763",http://oxbilliards.com/,https://playpoolnation.com/listing/ox-billiards/,https://maps.google.com/?cid=7313703583843110053,2026-10-03
1700,"Piccadilly Billiards","Pool Halls",California,"3324 W 6th St, Los Angeles, CA 90020","(213) 568-3087",,https://playpoolnation.com/listing/piccadilly-billiards/,https://maps.google.com/?cid=11888201588468744936,2026-10-03
1773,"Pockets Billiards & Brew","Pool Halls",California,"5610 Kearny Mesa Rd Ste e, San Diego, CA 92111","(858) 876-5452",http://www.pocketsbilliardsandbrew.com/,https://playpoolnation.com/listing/pockets-billiards-brew/,https://maps.google.com/?cid=6690893542817539534,2026-10-03
1698,"Q's Billiard Club & Restaurant","Pool Halls",California,"11835 Wilshire Blvd, Los Angeles, CA 90025","(310) 477-7550",http://www.qsbilliardclub.com/,https://playpoolnation.com/listing/qs-billiard-club-restaurant/,https://maps.google.com/?cid=6049200821890325220,2026-10-03
1719,"Rack Daddy's","Pool Halls",Texas,"17509 Coit Rd A, Dallas, TX 75252","(972) 930-0134",,https://playpoolnation.com/listing/rack-daddys/,https://maps.google.com/?cid=8849091703398098787,2026-10-03
1771,"Rialto Pool Room","Pool Halls",Oregon,"529 SW 4th Ave, Portland, OR 97204","(503) 228-7605",https://rialtopoolroom.com/,https://playpoolnation.com/listing/rialto-pool-room/,https://maps.google.com/?cid=8943913840764666641,2026-10-03
1778,"Rocket Bar","Bars with Pool Tables","Washington, D.C.","714 7th St NW, Washington, DC 20001","(202) 628-7665",http://www.rocketbardc.com/,https://playpoolnation.com/listing/rocket-bar/,https://maps.google.com/?cid=242570165057890407,2026-10-03
1715,"Rusty's Billiards","Pool Halls",Texas,"7703 Camp Bowie W Blvd, Fort Worth, TX 76116","(817) 244-3294",http://rustysbilliards.com/index.html,https://playpoolnation.com/listing/rustys-billiards/,https://maps.google.com/?cid=13081317403897660855,2026-10-03
1768,"Sam's Hollywood Billiards","Pool Halls",Oregon,"1845 NE 41st Ave, Portland, OR 97212","(503) 282-8266",https://samsbilliards.net/,https://playpoolnation.com/listing/sams-hollywood-billiards/,https://maps.google.com/?cid=15934588784624791925,2026-10-03
1736,"Seattle Tavern & Pool Room","Pool Halls",Washington,"5811 Airport Wy S, Seattle, WA 98108","(206) 767-1101",http://seattletavern.com/,https://playpoolnation.com/listing/seattle-tavern-pool-room/,https://maps.google.com/?cid=14159616486724974366,2026-10-03
1720,"Sharky's Bar, Grill & Games","Bars with Pool Tables",Texas,"17453 Preston Rd, Dallas, TX 75252","(972) 713-0201",http://www.sharkysdallas.com/,https://playpoolnation.com/listing/sharkys-bar-grill-games/,https://maps.google.com/?cid=2893828053450545360,2026-10-03
1754,"Sharp Shooters Billiards Miami","Pool Halls",Florida,"7200 SW 117th Ave, Kendall, FL 33183","(305) 596-0588",https://www.sharpshootersbilliards.net/,https://playpoolnation.com/listing/sharp-shooters-billiards-miami/,https://maps.google.com/?cid=4655918727969355569,2026-10-03
1767,"Shooters Billiard Club & Café","Pool Halls",Minnesota,"1934 State Hwy 13, Burnsville, MN 55337","(952) 894-1100",http://www.shootersbilliardclub.com/,https://playpoolnation.com/listing/shooters-billiard-club-cafe/,https://maps.google.com/?cid=4665766495226802979,2026-10-03
1782,"Shooters Pool and Sports Bar","Pool Halls",Nebraska,"908 Fort Crook Rd S, Bellevue, NE 68005","(402) 291-7665",https://www.facebook.com/shooterspoolandsportsbar/,https://playpoolnation.com/listing/shooters-pool-and-sports-bar/,https://maps.google.com/?cid=3111040750450334797,2026-10-03
1762,"Shooters Sports Bar Nashville","Bars with Pool Tables",Tennessee,"5851 Old Hickory Blvd B, Hermitage, TN 37076","(615) 669-9697",http://shootersbar.net/,https://playpoolnation.com/listing/shooters-sports-bar-nashville/,https://maps.google.com/?cid=2923346346246890609,2026-10-03
1725,"Skinny Bob's Billiards & Sports Bar","Pool Halls",Texas,"300 Hesters Crossing Rd Ste A1, Round Rock, TX 78681","(512) 733-1111",http://skinnybobs.com/,https://playpoolnation.com/listing/skinny-bobs-billiards-sports-bar/,https://maps.google.com/?cid=7709081971302377165,2026-10-03
1723,"Slick Willie's","Pool Halls",Texas,"8440 Burnet Rd 160 # 160, Austin, TX 78757","(512) 451-4575",http://www.slickw.com/,https://playpoolnation.com/listing/slick-willies/,https://maps.google.com/?cid=4631738188616235624,2026-10-03
1707,"Slick Willie's Pool Hall","Pool Halls",Texas,"1200 Westheimer Rd, Houston, TX 77006","(713) 522-2525",,https://playpoolnation.com/listing/slick-willies-pool-hall/,https://maps.google.com/?cid=1890773892825966893,2026-10-03
1692,"Society Billiards + Bar","Pool Halls","New York","10 E 21st St, New York, NY 10010","(212) 420-1000",http://societybilliards.com/,https://playpoolnation.com/listing/society-billiards-bar/,https://maps.google.com/?cid=1638133024343421309,2026-10-03
1711,"South Philly Pool Hall","Pool Halls",Pennsylvania,"600 Washington Ave, Philadelphia, PA 19147","(215) 500-7056",,https://playpoolnation.com/listing/south-philly-pool-hall/,https://maps.google.com/?cid=10476731602029898428,2026-10-03
1694,"Space Billiard Pool Hall & Sports Bar","Pool Halls","New York","34 W 32nd St Fl 12, New York, NY 10001","(212) 239-4166",https://spacebilliard.com/,https://playpoolnation.com/listing/space-billiard-pool-hall-sports-bar/,https://maps.google.com/?cid=3988255418684898561,2026-10-03
1765,"SS Billiards","Pool Halls",Minnesota,"732 11th Ave S, Hopkins, MN 55343","(952) 938-9259",http://www.ssbilliards.com/,https://playpoolnation.com/listing/ss-billiards/,https://maps.google.com/?cid=162701309437980561,2026-10-03
1706,Sunny's,"Bars with Pool Tables",Texas,"902 Capitol St, Houston, TX 77002",,,https://playpoolnation.com/listing/sunnys/,https://maps.google.com/?cid=10799454632505922077,2026-10-03
1737,"Tarantula Billiards Bar & Grill","Pool Halls",Colorado,"1520 Stout St, Denver, CO 80202","(720) 932-6666",https://tarantulabilliards.com/,https://playpoolnation.com/listing/tarantula-billiards-bar-grill/,https://maps.google.com/?cid=558675435061402677,2026-10-03
1734,"Temple Billiards","Pool Halls",Washington,"126 S Jackson St, Seattle, WA 98104","(206) 682-3242",https://www.templebilliards.com/,https://playpoolnation.com/listing/temple-billiards/,https://maps.google.com/?cid=1441194051033945996,2026-10-03
1718,"The Billiard Den","Pool Halls",Texas,"580 W Arapaho Rd #136, Richardson, TX 75080","(972) 792-7665",https://billiardden.com/,https://playpoolnation.com/listing/the-billiard-den/,https://maps.google.com/?cid=4297293938120190529,2026-10-03
1721,"The Grand","Pool Halls",Texas,"4631 Airport Blvd, Austin, TX 78751","(512) 454-1986",https://thegrandatx.com/,https://playpoolnation.com/listing/the-grand/,https://maps.google.com/?cid=13158376064689086387,2026-10-03
1728,"The Hall SF","Pool Halls",California,"2565 Mission St, San Francisco, CA 94110","(415) 612-6292",https://www.thehallmission.com/,https://playpoolnation.com/listing/the-hall-sf/,https://maps.google.com/?cid=297311673283470325,2026-10-03
1742,"The Independent","Bars with Pool Tables",Georgia,"931 Monroe Dr NE Ste c-205, Atlanta, GA 30308","(404) 249-9869",http://theindiebar.com/,https://playpoolnation.com/listing/the-independent/,https://maps.google.com/?cid=13343532970948473010,2026-10-03
1784,"The Loving Touch","Bars with Pool Tables",Michigan,"22634 Woodward Ave, Ferndale, MI 48220","(248) 820-5596",http://thelovingtouchferndale.com/,https://playpoolnation.com/listing/the-loving-touch/,https://maps.google.com/?cid=4130870564221230185,2026-10-03
1741,"The Pool Turtle","Pool Halls",Georgia,"3409 Covington Hwy, Decatur, GA 30032","(404) 981-5656",https://www.thepoolturtle.com/,https://playpoolnation.com/listing/the-pool-turtle/,https://maps.google.com/?cid=725682905612462906,2026-10-03
1786,"The Rack","Pool Halls",Michigan,"28410 Joy Rd, Livonia, MI 48150","(734) 422-7665",http://www.therackpool.com/,https://playpoolnation.com/listing/the-rack/,https://maps.google.com/?cid=13902241800933834465,2026-10-03
1775,"The Silver Fox Lounge","Bars with Pool Tables",California,"1833 Garnet Ave, San Diego, CA 92109","(858) 270-1343",https://silverfoxloungepb.com/,https://playpoolnation.com/listing/the-silver-fox-lounge/,https://maps.google.com/?cid=11789104073646506014,2026-10-03
1761,"TNT's Billiards Bar & Grill","Pool Halls",Tennessee,"1015 Bell Rd, Antioch, TN 37013","(615) 315-5400",http://www.tntsbilliards.com/,https://playpoolnation.com/listing/tnts-billiards-bar-grill/,https://maps.google.com/?cid=16862716736345142030,2026-10-03
1764,"Twin City Billiards","Pool Halls",Minnesota,"80 Little Canada Rd E Ste 1, Little Canada, MN 55117","(651) 689-0236",http://www.twincitybilliards.com/,https://playpoolnation.com/listing/twin-city-billiards/,https://maps.google.com/?cid=15907116292903146958,2026-10-03
1724,"Warehouse Billiard Bar","Pool Halls",Texas,"509 E Ben White Blvd, Austin, TX 78704","(512) 443-8799",https://www.warehousebilliardbar.com/,https://playpoolnation.com/listing/warehouse-billiard-bar/,https://maps.google.com/?cid=9872671234782662542,2026-10-03
1787,"Whiskey In the Jar","Bars with Pool Tables",Michigan,"2741 Yemans St, Hamtramck, MI 48212","(313) 873-4154",,https://playpoolnation.com/listing/whiskey-in-the-jar/,https://maps.google.com/?cid=2683829437831357846,2026-10-03
1745,"Won 11 Pool Hall","Pool Halls",Georgia,"2790 Lawrenceville-Suwanee Rd Ste 250, Suwanee, GA 30024","(678) 926-3779",,https://playpoolnation.com/listing/won-11-pool-hall/,https://maps.google.com/?cid=8646381381743703857,2026-10-03
1744,"Wynn Club Billiards","Pool Halls",Georgia,"5090 Buford Hwy NE Ste 201, Doraville, GA 30340","(470) 679-4066",http://www.wynnclub41319.com/,https://playpoolnation.com/listing/wynn-club-billiards/,https://maps.google.com/?cid=1766074742432958380,2026-10-03
1740,"Zanzibar Billiards Club","Pool Halls",Colorado,"2046 Larimer St, Denver, CO 80205","(303) 308-9999",http://www.zanzibarbilliards.com/,https://playpoolnation.com/listing/zanzibar-billiards-club/,https://maps.google.com/?cid=11132563144085538115,2026-10-03
